SYMBOL,SECTOR
20MICRONS,Other/SmallCap
21STCENMGM,Other/SmallCap
360ONE,Other/SmallCap
3IINFOLTD,Other/SmallCap
3MINDIA,Other/SmallCap
3PLAND,Other/SmallCap
5PAISA,Other/SmallCap
5PAISA-RE,Other/SmallCap
63MOONS,Other/SmallCap
A2ZINFRA,Other/SmallCap
AAATECH,Other/SmallCap
AADHARHFC,Other/SmallCap
AAKASH,Other/SmallCap
AAREYDRUGS,Other/SmallCap
AARNAV,Other/SmallCap
AARON,Other/SmallCap
AARTECH,Other/SmallCap
AARTIDRUGS,Other/SmallCap
AARTIIND,Other/SmallCap
AARTIPHARM,Other/SmallCap
AARTISURF,Other/SmallCap
AARVI,Other/SmallCap
AAVAS,Other/SmallCap
ABB,Other/SmallCap
ABBOTINDIA,Other/SmallCap
ABCAPITAL,Other/SmallCap
ABCOTS,Other/SmallCap
ABDL,Other/SmallCap
ABFRL,Other/SmallCap
ABINFRA,Other/SmallCap
ABLBL,Other/SmallCap
ABMINTLLTD,Other/SmallCap
ABREL,Other/SmallCap
ABSLAMC,Other/SmallCap
ACC,Other/SmallCap
ACCELYA,Other/SmallCap
ACCURACY,Other/SmallCap
ACE,Other/SmallCap
ACEINTEG,Other/SmallCap
ACI,Other/SmallCap
ACL,Other/SmallCap
ACMESOLAR,Other/SmallCap
ACUTAAS,Other/SmallCap
ADANIENSOL,Other/SmallCap
ADANIENT,Other/SmallCap
ADANIGREEN,Other/SmallCap
ADANIPORTS,Other/SmallCap
ADANIPOWER,Other/SmallCap
ADFFOODS,Other/SmallCap
ADL,Other/SmallCap
ADOR,Other/SmallCap
ADROITINFO,Other/SmallCap
ADSL,Other/SmallCap
ADVAIT,Other/SmallCap
ADVANCE,Other/SmallCap
ADVANIHOTR,Other/SmallCap
ADVENTHTL,Other/SmallCap
ADVENZYMES,Other/SmallCap
AEGISLOG,Other/SmallCap
AEGISVOPAK,Other/SmallCap
AEPL,Other/SmallCap
AEQUS,Other/SmallCap
AEROENTER,Other/SmallCap
AEROFLEX,Other/SmallCap
AERONEU,Other/SmallCap
AETHER,Other/SmallCap
AFCONS,Other/SmallCap
AFFLE,Other/SmallCap
AFFORDABLE,Other/SmallCap
AFIL,Other/SmallCap
AFSL,Other/SmallCap
AGARIND,Other/SmallCap
AGARWALEYE,Other/SmallCap
AGI,Other/SmallCap
AGIIL,Other/SmallCap
AGRITECH,Other/SmallCap
AGROPHOS,Other/SmallCap
AGSTRA,Other/SmallCap
AHCL,Other/SmallCap
AHLADA,Other/SmallCap
AHLEAST,Other/SmallCap
AHLUCONT,Other/SmallCap
AHLWEST,Other/SmallCap
AIAENG,Other/SmallCap
AIIL,Other/SmallCap
AIRAN,Other/SmallCap
AIROLAM,Other/SmallCap
AJANTPHARM,Other/SmallCap
AJAXENGG,Other/SmallCap
AJMERA,Other/SmallCap
AJOONI,Other/SmallCap
AKASH,Other/SmallCap
AKG,Other/SmallCap
AKI,Other/SmallCap
AKSHAR,Other/SmallCap
AKSHARCHEM,Other/SmallCap
AKSHOPTFBR,Other/SmallCap
AKUMS,Other/SmallCap
AKZOINDIA,Other/SmallCap
ALANKIT,Other/SmallCap
ALBERTDAVD,Other/SmallCap
ALEMBICLTD,Other/SmallCap
ALGOQUANT,Other/SmallCap
ALICON,Other/SmallCap
ALIVUS,Other/SmallCap
ALKALI,Other/SmallCap
ALKEM,Other/SmallCap
ALKYLAMINE,Other/SmallCap
ALLCARGO,Other/SmallCap
ALLDIGI,Other/SmallCap
ALLTIME,Other/SmallCap
ALMONDZ,Other/SmallCap
ALOKINDS,Other/SmallCap
ALPA,Other/SmallCap
ALPHAGEO,Other/SmallCap
AMAGI,Other/SmallCap
AMANTA,Other/SmallCap
AMBER,Other/SmallCap
AMBICAAGAR,Other/SmallCap
AMBIKCO,Other/SmallCap
AMBUJACEM,Other/SmallCap
AMDIND,Other/SmallCap
AMIRCHAND,Other/SmallCap
AMJLAND,Other/SmallCap
AMNPLST,Other/SmallCap
AMRUTANJAN,Other/SmallCap
ANANDRATHI,Other/SmallCap
ANANTRAJ,Other/SmallCap
ANDHRAPAP,Other/SmallCap
ANDHRSUGAR,Other/SmallCap
ANGELONE,Other/SmallCap
ANIKINDS,Other/SmallCap
ANKITMETAL,Other/SmallCap
ANMOL,Other/SmallCap
ANSALAPI,Other/SmallCap
ANTELOPUS,Other/SmallCap
ANTGRAPHIC,Other/SmallCap
ANTHEM,Other/SmallCap
ANUHPHR,Other/SmallCap
ANUP,Other/SmallCap
ANURAS,Other/SmallCap
APARINDS,Other/SmallCap
APCL,Other/SmallCap
APCOTEXIND,Other/SmallCap
APEX,Other/SmallCap
APLAPOLLO,Other/SmallCap
APLLTD,Other/SmallCap
APOLLO,Other/SmallCap
APOLLOHOSP,Other/SmallCap
APOLLOPIPE,Other/SmallCap
APOLLOTYRE,Other/SmallCap
APOLSINHOT,Other/SmallCap
APTECHT,Other/SmallCap
APTUS,Other/SmallCap
AQYLON,Other/SmallCap
ARCHIDPLY,Other/SmallCap
ARCHIES,Other/SmallCap
ARE&M,Other/SmallCap
ARENTERP,Other/SmallCap
ARFIN,Other/SmallCap
ARIES,Other/SmallCap
ARIHANTCAP,Other/SmallCap
ARIHANTSUP,Other/SmallCap
ARIS,Other/SmallCap
ARKADE,Other/SmallCap
ARMANFIN,Other/SmallCap
AROGRANITE,Other/SmallCap
ARROWGREEN,Other/SmallCap
ARSHIYA,Other/SmallCap
ARSSBL,Other/SmallCap
ARTEMISMED,Other/SmallCap
ARTNIRMAN,Other/SmallCap
ARVEE,Other/SmallCap
ARVIND,Other/SmallCap
ARVINDFASN,Other/SmallCap
ARVSMART,Other/SmallCap
ASAHIINDIA,Other/SmallCap
ASAHISONG,Other/SmallCap
ASAL,Other/SmallCap
ASALCBR,Other/SmallCap
ASHAPURMIN,Other/SmallCap
ASHIANA,Other/SmallCap
ASHIMASYN,Other/SmallCap
ASHOKA,Other/SmallCap
ASHOKAMET,Other/SmallCap
ASHOKLEY,Other/SmallCap
ASIANENE,Other/SmallCap
ASIANHOTNR,Other/SmallCap
ASIANPAINT,Other/SmallCap
ASIANTILES,Other/SmallCap
ASKAUTOLTD,Other/SmallCap
ASMS,Other/SmallCap
ASPINWALL,Other/SmallCap
ASTEC,Other/SmallCap
ASTERDM,Other/SmallCap
ASTRAL,Other/SmallCap
ASTRAMICRO,Other/SmallCap
ASTRAZEN,Other/SmallCap
ASTRON,Other/SmallCap
ATALREAL,Other/SmallCap
ATAM,Other/SmallCap
ATGL,Other/SmallCap
ATHERENERG,Other/SmallCap
ATL,Other/SmallCap
ATLANTAA,Other/SmallCap
ATLANTAELE,Other/SmallCap
ATLASCYCLE,Other/SmallCap
ATUL,Other/SmallCap
ATULAUTO,Other/SmallCap
AUBANK,Other/SmallCap
AURIGROW,Other/SmallCap
AURIONPRO,Other/SmallCap
AUROPHARMA,Other/SmallCap
AURUM,Other/SmallCap
AUSOMENT,Other/SmallCap
AUTOAXLES,Other/SmallCap
AUTOIND,Other/SmallCap
AVADHSUGAR,Other/SmallCap
AVALON,Other/SmallCap
AVANTEL,Other/SmallCap
AVANTIFEED,Other/SmallCap
AVG,Other/SmallCap
AVL,Other/SmallCap
AVONMORE,Other/SmallCap
AVROIND,Other/SmallCap
AVTNPL,Other/SmallCap
AWFIS,Other/SmallCap
AWHCL,Other/SmallCap
AWL,Other/SmallCap
AXISBANK,Other/SmallCap
AXISCADES,Other/SmallCap
AXITA,Other/SmallCap
AYE,Other/SmallCap
AYMSYNTEX,Other/SmallCap
AZAD,Other/SmallCap
BAFNAPH,Other/SmallCap
BAGFILMS,Other/SmallCap
BAIDFIN,Other/SmallCap
BAJAJ-AUTO,Other/SmallCap
BAJAJCON,Other/SmallCap
BAJAJELEC,Other/SmallCap
BAJAJFINSV,Other/SmallCap
BAJAJHCARE,Other/SmallCap
BAJAJHFL,Other/SmallCap
BAJAJHIND,Other/SmallCap
BAJAJHLDNG,Other/SmallCap
BAJAJINDEF,Other/SmallCap
BAJEL,Other/SmallCap
BAJFINANCE,Other/SmallCap
BALAJEE,Other/SmallCap
BALAJITELE,Other/SmallCap
BALAMINES,Other/SmallCap
BALAXI,Other/SmallCap
BALKRISHNA,Other/SmallCap
BALKRISIND,Other/SmallCap
BALMLAWRIE,Other/SmallCap
BALPHARMA,Other/SmallCap
BALRAMCHIN,Other/SmallCap
BALUFORGE,Other/SmallCap
BANARBEADS,Other/SmallCap
BANARISUG,Other/SmallCap
BANCOINDIA,Other/SmallCap
BANDHANBNK,Other/SmallCap
BANG,Other/SmallCap
BANKA,Other/SmallCap
BANKBARODA,Other/SmallCap
BANKINDIA,Other/SmallCap
BANSALWIRE,Other/SmallCap
BANSWRAS,Other/SmallCap
BASF,Other/SmallCap
BASML,Other/SmallCap
BATAINDIA,Other/SmallCap
BAYERCROP,Other/SmallCap
BBL,Other/SmallCap
BBOX,Other/SmallCap
BBTC,Other/SmallCap
BBTCL,Other/SmallCap
BCG,Other/SmallCap
BCLIND,Other/SmallCap
BCONCEPTS,Other/SmallCap
BCPL,Other/SmallCap
BDL,Other/SmallCap
BEARDSELL,Other/SmallCap
BECTORFOOD,Other/SmallCap
BEDMUTHA,Other/SmallCap
BEL,Other/SmallCap
BELLACASA,Other/SmallCap
BELRISE,Other/SmallCap
BEML,Other/SmallCap
BEPL,Other/SmallCap
BERGEPAINT,Other/SmallCap
BESTAGRO,Other/SmallCap
BETA,Other/SmallCap
BFINVEST,Other/SmallCap
BFUTILITIE,Other/SmallCap
BGRENERGY,Other/SmallCap
BHAGCHEM,Other/SmallCap
BHAGERIA,Other/SmallCap
BHAGYANGR,Other/SmallCap
BHANDARI,Other/SmallCap
BHARATCOAL,Other/SmallCap
BHARATFORG,Other/SmallCap
BHARATGEAR,Other/SmallCap
BHARATRAS,Other/SmallCap
BHARATSE,Other/SmallCap
BHARATWIRE,Other/SmallCap
BHARTIARTL,Other/SmallCap
BHARTIHEXA,Other/SmallCap
BHEL,Other/SmallCap
BIGBLOC,Other/SmallCap
BIKAJI,Other/SmallCap
BIL,Other/SmallCap
BILVYAPAR,Other/SmallCap
BIOCON,Other/SmallCap
BIOFILCHEM,Other/SmallCap
BIRLACABLE,Other/SmallCap
BIRLACORPN,Other/SmallCap
BIRLAMONEY,Other/SmallCap
BIRLANU,Other/SmallCap
BLACKBUCK,Other/SmallCap
BLAL,Other/SmallCap
BLBLIMITED,Other/SmallCap
BLISSGVS,Other/SmallCap
BLKASHYAP,Other/SmallCap
BLS,Other/SmallCap
BLSE,Other/SmallCap
BLUECOAST,Other/SmallCap
BLUEDART,Other/SmallCap
BLUEJET,Other/SmallCap
BLUESTARCO,Other/SmallCap
BLUESTONE,Other/SmallCap
BLUSPRING,Other/SmallCap
BMWVENTLTD,Other/SmallCap
BODALCHEM,Other/SmallCap
BOHRAIND,Other/SmallCap
BOMDYEING,Other/SmallCap
BONLON,Other/SmallCap
BORANA,Other/SmallCap
BOROLTD,Other/SmallCap
BORORENEW,Other/SmallCap
BOROSCI,Other/SmallCap
BOSCH-HCIL,Other/SmallCap
BOSCHLTD,Other/SmallCap
BPCL,Other/SmallCap
BPL,Other/SmallCap
BRIGADE,Other/SmallCap
BRIGHOTEL,Other/SmallCap
BRITANNIA,Other/SmallCap
BRNL,Other/SmallCap
BROOKS,Other/SmallCap
BSE,Other/SmallCap
BSHSL,Other/SmallCap
BSL,Other/SmallCap
BSOFT,Other/SmallCap
BTML,Other/SmallCap
BUILDPRO,Other/SmallCap
BUTTERFLY,Other/SmallCap
BVCL,Other/SmallCap
BYKE,Other/SmallCap
CALSOFT,Other/SmallCap
CAMLINFINE,Other/SmallCap
CAMPUS,Other/SmallCap
CAMS,Other/SmallCap
CANBK,Other/SmallCap
CANFINHOME,Other/SmallCap
CANHLIFE,Other/SmallCap
CANTABIL,Other/SmallCap
CAPACITE,Other/SmallCap
CAPILLARY,Other/SmallCap
CAPITALSFB,Other/SmallCap
CAPLIPOINT,Other/SmallCap
CAPTRUST,Other/SmallCap
CARBORUNIV,Other/SmallCap
CARERATING,Other/SmallCap
CARRARO,Other/SmallCap
CARTRADE,Other/SmallCap
CARYSIL,Other/SmallCap
CASTROLIND,Other/SmallCap
CCAVENUE,Other/SmallCap
CCCL,Other/SmallCap
CCHHL,Other/SmallCap
CCL,Other/SmallCap
CDSL,Other/SmallCap
CEATLTD,Other/SmallCap
CEIGALL,Other/SmallCap
CEINSYS,Other/SmallCap
CELEBRITY,Other/SmallCap
CELLO,Other/SmallCap
CEMPRO,Other/SmallCap
CENTENKA,Other/SmallCap
CENTEXT,Other/SmallCap
CENTRALBK,Other/SmallCap
CENTRUM,Other/SmallCap
CENTUM,Other/SmallCap
CENTURYPLY,Other/SmallCap
CERA,Other/SmallCap
CEREBRAINT,Other/SmallCap
CESC,Other/SmallCap
CEWATER,Other/SmallCap
CGCL,Other/SmallCap
CGPOWER,Other/SmallCap
CHALET,Other/SmallCap
CHAMBLFERT,Other/SmallCap
CHEMBOND,Other/SmallCap
CHEMBONDCH,Other/SmallCap
CHEMCON,Other/SmallCap
CHEMFAB,Other/SmallCap
CHEMPLASTS,Other/SmallCap
CHENNPETRO,Other/SmallCap
CHEVIOT,Other/SmallCap
CHOICEIN,Other/SmallCap
CHOLAFIN,Other/SmallCap
CHOLAHLDNG,Other/SmallCap
CIEINDIA,Other/SmallCap
CIFL,Other/SmallCap
CIGNITITEC,Other/SmallCap
CINELINE,Other/SmallCap
CINEVISTA,Other/SmallCap
CIPLA,Other/SmallCap
CLCIND,Other/SmallCap
CLEAN,Other/SmallCap
CLEANMAX,Other/SmallCap
CLEDUCATE,Other/SmallCap
CLSEL,Other/SmallCap
CMPDI,Other/SmallCap
CMSINFO,Other/SmallCap
CNL,Other/SmallCap
COALINDIA,Other/SmallCap
COASTCORP,Other/SmallCap
COCHINSHIP,Other/SmallCap
COFFEEDAY,Other/SmallCap
COFORGE,Other/SmallCap
COHANCE,Other/SmallCap
COLPAL,Other/SmallCap
COMPINFO,Other/SmallCap
COMPUSOFT,Other/SmallCap
COMSYN,Other/SmallCap
CONCOR,Other/SmallCap
CONCORDBIO,Other/SmallCap
CONFIPET,Other/SmallCap
CONSOFINVT,Other/SmallCap
CONTROLPR,Other/SmallCap
CORALFINAC,Other/SmallCap
CORDSCABLE,Other/SmallCap
COROMANDEL,Other/SmallCap
CORONA,Other/SmallCap
COSMOFIRST,Other/SmallCap
COUNCODOS,Other/SmallCap
CPCAP,Other/SmallCap
CPEDU,Other/SmallCap
CPPLUS,Other/SmallCap
CRAFTSMAN,Other/SmallCap
CRAMC,Other/SmallCap
CREATIVEYE,Other/SmallCap
CREDITACC,Other/SmallCap
CREST,Other/SmallCap
CRISIL,Other/SmallCap
CRIZAC,Other/SmallCap
CROMPTON,Other/SmallCap
CROWN,Other/SmallCap
CSBBANK,Other/SmallCap
CSLFINANCE,Other/SmallCap
CTE,Other/SmallCap
CUB,Other/SmallCap
CUBEXTUB,Other/SmallCap
CUMMINSIND,Other/SmallCap
CUPID,Other/SmallCap
CURAA,Other/SmallCap
CYBERMEDIA,Other/SmallCap
CYBERTECH,Other/SmallCap
CYIENT,Other/SmallCap
CYIENTDLM,Other/SmallCap
DABUR,Other/SmallCap
DALBHARAT,Other/SmallCap
DALMIASUG,Other/SmallCap
DAMCAPITAL,Other/SmallCap
DAMODARIND,Other/SmallCap
DANGEE,Other/SmallCap
DATAMATICS,Other/SmallCap
DATAPATTNS,Other/SmallCap
DAVANGERE,Other/SmallCap
DBCORP,Other/SmallCap
DBEIL,Other/SmallCap
DBL,Other/SmallCap
DBOL,Other/SmallCap
DBREALTY,Other/SmallCap
DBSTOCKBRO,Other/SmallCap
DCAL,Other/SmallCap
DCBBANK,Other/SmallCap
DCI,Other/SmallCap
DCM,Other/SmallCap
DCMFINSERV,Other/SmallCap
DCMNVL,Other/SmallCap
DCMSHRIRAM,Other/SmallCap
DCMSIL,Other/SmallCap
DCMSRIND,Other/SmallCap
DCW,Other/SmallCap
DCXINDIA,Other/SmallCap
DDEVPLSTIK,Other/SmallCap
DECCANCE,Other/SmallCap
DEEDEV,Other/SmallCap
DEEPAKFERT,Other/SmallCap
DEEPAKNTR,Other/SmallCap
DEEPINDS,Other/SmallCap
DELHIVERY,Other/SmallCap
DELPHIFX,Other/SmallCap
DELTACORP,Other/SmallCap
DELTAMAGNT,Other/SmallCap
DEN,Other/SmallCap
DENORA,Other/SmallCap
DENTA,Other/SmallCap
DEVIT,Other/SmallCap
DEVX,Other/SmallCap
DEVYANI,Other/SmallCap
DGCONTENT,Other/SmallCap
DHAMPURSUG,Other/SmallCap
DHANBANK,Other/SmallCap
DHANUKA,Other/SmallCap
DHARAN,Other/SmallCap
DHARMAJ,Other/SmallCap
DHRUV,Other/SmallCap
DHUNINV,Other/SmallCap
DIACABS,Other/SmallCap
DIAMINESQ,Other/SmallCap
DIAMONDYD,Other/SmallCap
DICIND,Other/SmallCap
DIFFNKG,Other/SmallCap
DIGIDRIVE,Other/SmallCap
DIGISPICE,Other/SmallCap
DIGITIDE,Other/SmallCap
DIGJAMLMTD,Other/SmallCap
DISHTV,Other/SmallCap
DIVGIITTS,Other/SmallCap
DIVISLAB,Other/SmallCap
DIXON,Other/SmallCap
DJML,Other/SmallCap
DLF,Other/SmallCap
DLINKINDIA,Other/SmallCap
DMART,Other/SmallCap
DMCC,Other/SmallCap
DNAMEDIA,Other/SmallCap
DODLA,Other/SmallCap
DOLATALGO,Other/SmallCap
DOLLAR,Other/SmallCap
DOLPHIN,Other/SmallCap
DOMS,Other/SmallCap
DONEAR,Other/SmallCap
DPABHUSHAN,Other/SmallCap
DPSCLTD,Other/SmallCap
DPWIRES,Other/SmallCap
DRCSYSTEMS,Other/SmallCap
DREAMFOLKS,Other/SmallCap
DREDGECORP,Other/SmallCap
DRREDDY,Other/SmallCap
DSFCL,Other/SmallCap
DSSL,Other/SmallCap
DTIL,Other/SmallCap
DUCON,Other/SmallCap
DVL,Other/SmallCap
DWARKESH,Other/SmallCap
DYCL,Other/SmallCap
DYNAMATECH,Other/SmallCap
DYNPRO,Other/SmallCap
E2E,Other/SmallCap
EASEMYTRIP,Other/SmallCap
EASTSILK,Other/SmallCap
EBGNG,Other/SmallCap
ECLERX,Other/SmallCap
ECOSMOBLTY,Other/SmallCap
EDELWEISS,Other/SmallCap
EFCIL,Other/SmallCap
EICHERMOT,Other/SmallCap
EIDPARRY,Other/SmallCap
EIEL,Other/SmallCap
EIFFL,Other/SmallCap
EIHAHOTELS,Other/SmallCap
EIHOTEL,Other/SmallCap
EIMCOELECO,Other/SmallCap
EKC,Other/SmallCap
ELDEHSG,Other/SmallCap
ELECON,Other/SmallCap
ELECTCAST,Other/SmallCap
ELECTHERM,Other/SmallCap
ELGIEQUIP,Other/SmallCap
ELGIRUBCO,Other/SmallCap
ELIN,Other/SmallCap
ELLEN,Other/SmallCap
EMAMILTD,Other/SmallCap
EMAMIPAP,Other/SmallCap
EMAMIREAL,Other/SmallCap
EMBDL,Other/SmallCap
EMCURE,Other/SmallCap
EMIL,Other/SmallCap
EMKAY,Other/SmallCap
EMMBI,Other/SmallCap
EMMVEE,Other/SmallCap
EMSLIMITED,Other/SmallCap
EMUDHRA,Other/SmallCap
ENDURANCE,Other/SmallCap
ENERGYDEV,Other/SmallCap
ENGINERSIN,Other/SmallCap
ENIL,Other/SmallCap
ENRIN,Other/SmallCap
ENTERO,Other/SmallCap
EPACK,Other/SmallCap
EPACKPEB,Other/SmallCap
EPIGRAL,Other/SmallCap
EPL,Other/SmallCap
EQUIPPP,Other/SmallCap
EQUITASBNK,Other/SmallCap
ERIS,Other/SmallCap
ESABINDIA,Other/SmallCap
ESAFSFB,Other/SmallCap
ESCORTS,Other/SmallCap
ESSARSHPNG,Other/SmallCap
ESSENTIA,Other/SmallCap
ESTER,Other/SmallCap
ETERNAL,Other/SmallCap
ETHOSLTD,Other/SmallCap
EUREKAFORB,Other/SmallCap
EUROBOND,Other/SmallCap
EUROPRATIK,Other/SmallCap
EUROTEXIND,Other/SmallCap
EVEREADY,Other/SmallCap
EVERESTIND,Other/SmallCap
EXCELINDUS,Other/SmallCap
EXCELSOFT,Other/SmallCap
EXICOM,Other/SmallCap
EXIDEIND,Other/SmallCap
EXPLEOSOL,Other/SmallCap
EXXARO,Other/SmallCap
FABTECH,Other/SmallCap
FACT,Other/SmallCap
FAIRCHEMOR,Other/SmallCap
FAZE3Q,Other/SmallCap
FCL,Other/SmallCap
FCSSOFT,Other/SmallCap
FDC,Other/SmallCap
FEDERALBNK,Other/SmallCap
FEDFINA,Other/SmallCap
FEL,Other/SmallCap
FELDVR,Other/SmallCap
FIBERWEB,Other/SmallCap
FIEMIND,Other/SmallCap
FILATEX,Other/SmallCap
FILATFASH,Other/SmallCap
FINCABLES,Other/SmallCap
FINEORG,Other/SmallCap
FINKURVE,Other/SmallCap
FINOPB,Other/SmallCap
FINPIPE,Other/SmallCap
FIRSTCRY,Other/SmallCap
FISCHER,Other/SmallCap
FIVESTAR,Other/SmallCap
FLAIR,Other/SmallCap
FLEXITUFF,Other/SmallCap
FLFL,Other/SmallCap
FLUOROCHEM,Other/SmallCap
FMGOETZE,Other/SmallCap
FMNL,Other/SmallCap
FOCUS,Other/SmallCap
FOODSIN,Other/SmallCap
FORCEMOT,Other/SmallCap
FORTIS,Other/SmallCap
FOSECOIND,Other/SmallCap
FRACTAL,Other/SmallCap
FSL,Other/SmallCap
FUSION,Other/SmallCap
GABRIEL,Other/SmallCap
GAEL,Other/SmallCap
GAIL,Other/SmallCap
GALAPREC,Other/SmallCap
GALAXYSURF,Other/SmallCap
GALLANTT,Other/SmallCap
GANDHAR,Other/SmallCap
GANDHITUBE,Other/SmallCap
GANECOS,Other/SmallCap
GANESHBE,Other/SmallCap
GANESHCP,Other/SmallCap
GANESHHOU,Other/SmallCap
GANGAFORGE,Other/SmallCap
GANGESSECU,Other/SmallCap
GARFIBRES,Other/SmallCap
GARUDA,Other/SmallCap
GATECH,Other/SmallCap
GATECHDVR,Other/SmallCap
GATEWAY,Other/SmallCap
GAUDIUMIVF,Other/SmallCap
GAYAHWS,Other/SmallCap
GCSL,Other/SmallCap
GEECEE,Other/SmallCap
GEEKAYWIRE,Other/SmallCap
GEMAROMA,Other/SmallCap
GENCON,Other/SmallCap
GENESYS,Other/SmallCap
GENSOL,Other/SmallCap
GENUSPAPER,Other/SmallCap
GENUSPOWER,Other/SmallCap
GEOJITFSL,Other/SmallCap
GESHIP,Other/SmallCap
GFLLIMITED,Other/SmallCap
GHCL,Other/SmallCap
GHCLTEXTIL,Other/SmallCap
GICHSGFIN,Other/SmallCap
GICL,Other/SmallCap
GICRE,Other/SmallCap
GILLANDERS,Other/SmallCap
GILLETTE,Other/SmallCap
GINNIFILA,Other/SmallCap
GIPCL,Other/SmallCap
GKENERGY,Other/SmallCap
GKSL,Other/SmallCap
GKWLIMITED,Other/SmallCap
GLAND,Other/SmallCap
GLAXO,Other/SmallCap
GLENMARK,Other/SmallCap
GLFL,Other/SmallCap
GLOBAL,Other/SmallCap
GLOBALE,Other/SmallCap
GLOBALVECT,Other/SmallCap
GLOBE,Other/SmallCap
GLOBECIVIL,Other/SmallCap
GLOBUSSPR,Other/SmallCap
GLOSTERLTD,Other/SmallCap
GLOTTIS,Other/SmallCap
GMBREW,Other/SmallCap
GMDCLTD,Other/SmallCap
GMMPFAUDLR,Other/SmallCap
GMRAIRPORT,Other/SmallCap
GMRP&UI,Other/SmallCap
GNA,Other/SmallCap
GNFC,Other/SmallCap
GOACARBON,Other/SmallCap
GOCLCORP,Other/SmallCap
GOCOLORS,Other/SmallCap
GODAVARIB,Other/SmallCap
GODFRYPHLP,Other/SmallCap
GODIGIT,Other/SmallCap
GODREJAGRO,Other/SmallCap
GODREJCP,Other/SmallCap
GODREJIND,Other/SmallCap
GODREJPROP,Other/SmallCap
GOKEX,Other/SmallCap
GOKUL,Other/SmallCap
GOKULAGRO,Other/SmallCap
GOLDENTOBC,Other/SmallCap
GOLDIAM,Other/SmallCap
GOLDTECH,Other/SmallCap
GOODLUCK,Other/SmallCap
GOPAL,Other/SmallCap
GOYALALUM,Other/SmallCap
GPIL,Other/SmallCap
GPPL,Other/SmallCap
GPTHEALTH,Other/SmallCap
GPTINFRA,Other/SmallCap
GRANULES,Other/SmallCap
GRAPHITE,Other/SmallCap
GRASIM,Other/SmallCap
GRAVITA,Other/SmallCap
GREAVESCOT,Other/SmallCap
GREENLAM,Other/SmallCap
GREENPANEL,Other/SmallCap
GREENPLY,Other/SmallCap
GREENPOWER,Other/SmallCap
GRINDWELL,Other/SmallCap
GRINFRA,Other/SmallCap
GRMOVER,Other/SmallCap
GROBTEA,Other/SmallCap
GROWW,Other/SmallCap
GRPLTD,Other/SmallCap
GRSE,Other/SmallCap
GRWRHITECH,Other/SmallCap
GSFC,Other/SmallCap
GSLSU,Other/SmallCap
GSPCROP,Other/SmallCap
GSPL,Other/SmallCap
GSS,Other/SmallCap
GTECJAINX,Other/SmallCap
GTL,Other/SmallCap
GTLINFRA,Other/SmallCap
GTPL,Other/SmallCap
GUFICBIO,Other/SmallCap
GUJALKALI,Other/SmallCap
GUJAPOLLO,Other/SmallCap
GUJGASLTD,Other/SmallCap
GUJRAFFIA,Other/SmallCap
GUJTHEM,Other/SmallCap
GULFOILLUB,Other/SmallCap
GULFPETRO,Other/SmallCap
GULPOLY,Other/SmallCap
GVKPIL,Other/SmallCap
GVPIL,Other/SmallCap
GVPTECH,Other/SmallCap
GVT&D,Other/SmallCap
HAL,Other/SmallCap
HALDER,Other/SmallCap
HALEOSLABS,Other/SmallCap
HAPPSTMNDS,Other/SmallCap
HAPPYFORGE,Other/SmallCap
HARDWYN,Other/SmallCap
HARIOMPIPE,Other/SmallCap
HARRMALAYA,Other/SmallCap
HARSHA,Other/SmallCap
HATHWAY,Other/SmallCap
HATSUN,Other/SmallCap
HAVELLS,Other/SmallCap
HAVISHA,Other/SmallCap
HBLENGINE,Other/SmallCap
HBSL,Other/SmallCap
HCC,Other/SmallCap
HCG,Other/SmallCap
HCL-INSYS,Other/SmallCap
HCLTECH,Other/SmallCap
HDBFS,Other/SmallCap
HDFCAMC,Other/SmallCap
HDFCBANK,Other/SmallCap
HDFCLIFE,Other/SmallCap
HDIL,Other/SmallCap
HEADSUP,Other/SmallCap
HECPROJECT,Other/SmallCap
HEG,Other/SmallCap
HEIDELBERG,Other/SmallCap
HEMIPROP,Other/SmallCap
HERANBA,Other/SmallCap
HERITGFOOD,Other/SmallCap
HEROMOTOCO,Other/SmallCap
HESTERBIO,Other/SmallCap
HEXATRADEX,Other/SmallCap
HEXT,Other/SmallCap
HFCL,Other/SmallCap
HGINFRA,Other/SmallCap
HGM,Other/SmallCap
HGS,Other/SmallCap
HIKAL,Other/SmallCap
HILINFRA,Other/SmallCap
HILTON,Other/SmallCap
HIMATSEIDE,Other/SmallCap
HINDALCO,Other/SmallCap
HINDCOMPOS,Other/SmallCap
HINDCON,Other/SmallCap
HINDCOPPER,Other/SmallCap
HINDOILEXP,Other/SmallCap
HINDPETRO,Other/SmallCap
HINDUNILVR,Other/SmallCap
HINDWAREAP,Other/SmallCap
HINDZINC,Other/SmallCap
HIRECT,Other/SmallCap
HISARMETAL,Other/SmallCap
HITECH,Other/SmallCap
HITECHCORP,Other/SmallCap
HITECHGEAR,Other/SmallCap
HLEGLAS,Other/SmallCap
HLVLTD,Other/SmallCap
HMAAGRO,Other/SmallCap
HMT,Other/SmallCap
HMVL,Other/SmallCap
HNDFDS,Other/SmallCap
HOMEFIRST,Other/SmallCap
HONASA,Other/SmallCap
HONAUT,Other/SmallCap
HONDAPOWER,Other/SmallCap
HPAL,Other/SmallCap
HPIL,Other/SmallCap
HPL,Other/SmallCap
HSCL,Other/SmallCap
HTMEDIA,Other/SmallCap
HUBTOWN,Other/SmallCap
HUDCO,Other/SmallCap
HUHTAMAKI,Other/SmallCap
HYBRIDFIN,Other/SmallCap
HYUNDAI,Other/SmallCap
IBULLSLTD,Other/SmallCap
ICDSLTD,Other/SmallCap
ICEMAKE,Other/SmallCap
ICICIAMC,Other/SmallCap
ICICIBANK,Other/SmallCap
ICICIGI,Other/SmallCap
ICICIPRULI,Other/SmallCap
ICIL,Other/SmallCap
ICRA,Other/SmallCap
IDBI,Other/SmallCap
IDEA,Other/SmallCap
IDEAFORGE,Other/SmallCap
IDFCFIRSTB,Other/SmallCap
IEX,Other/SmallCap
IFBAGRO,Other/SmallCap
IFBIND,Other/SmallCap
IFCI,Other/SmallCap
IFGLEXPOR,Other/SmallCap
IGARASHI,Other/SmallCap
IGCL,Other/SmallCap
IGIL,Other/SmallCap
IGL,Other/SmallCap
IGPL,Other/SmallCap
IIFL,Other/SmallCap
IIFLCAPS,Other/SmallCap
IITL,Other/SmallCap
IKIO,Other/SmallCap
IKS,Other/SmallCap
IL&FSENGG,Other/SmallCap
IL&FSTRANS,Other/SmallCap
IMAGICAA,Other/SmallCap
IMFA,Other/SmallCap
IMPAL,Other/SmallCap
IMPEXFERRO,Other/SmallCap
INA,Other/SmallCap
INCREDIBLE,Other/SmallCap
INDBANK,Other/SmallCap
INDGN,Other/SmallCap
INDHOTEL,Other/SmallCap
INDIACEM,Other/SmallCap
INDIAGLYCO,Other/SmallCap
INDIAMART,Other/SmallCap
INDIANB,Other/SmallCap
INDIANCARD,Other/SmallCap
INDIANHUME,Other/SmallCap
INDIASHLTR,Other/SmallCap
INDIGO,Other/SmallCap
INDIGOPNTS,Other/SmallCap
INDIQUBE,Other/SmallCap
INDNIPPON,Other/SmallCap
INDOAMIN,Other/SmallCap
INDOBORAX,Other/SmallCap
INDOCO,Other/SmallCap
INDOFARM,Other/SmallCap
INDORAMA,Other/SmallCap
INDOSTAR,Other/SmallCap
INDOTECH,Other/SmallCap
INDOTHAI,Other/SmallCap
INDOUS,Other/SmallCap
INDOWIND,Other/SmallCap
INDRAMEDCO,Other/SmallCap
INDSWFTLAB,Other/SmallCap
INDTERRAIN,Other/SmallCap
INDUSINDBK,Other/SmallCap
INDUSTOWER,Other/SmallCap
INFOBEAN,Other/SmallCap
INFOMEDIA,Other/SmallCap
INFY,Other/SmallCap
INGERRAND,Other/SmallCap
INNOVACAP,Other/SmallCap
INNOVANA,Other/SmallCap
INNOVISION,Other/SmallCap
INOXGREEN,Other/SmallCap
INOXINDIA,Other/SmallCap
INOXWIND,Other/SmallCap
INSECTICID,Other/SmallCap
INSPIRISYS,Other/SmallCap
INTELLECT,Other/SmallCap
INTENTECH,Other/SmallCap
INTERARCH,Other/SmallCap
INTLCONV,Other/SmallCap
INVENTURE,Other/SmallCap
IOB,Other/SmallCap
IOC,Other/SmallCap
IOLCP,Other/SmallCap
IONEXCHANG,Other/SmallCap
IPCALAB,Other/SmallCap
IPL,Other/SmallCap
IRB,Other/SmallCap
IRCON,Other/SmallCap
IRCTC,Other/SmallCap
IREDA,Other/SmallCap
IRFC,Other/SmallCap
IRIS,Other/SmallCap
IRISDOREME,Other/SmallCap
IRMENERGY,Other/SmallCap
ISFT,Other/SmallCap
ISGEC,Other/SmallCap
ISHANCH,Other/SmallCap
ITC,Other/SmallCap
ITCHOTELS,Other/SmallCap
ITDC,Other/SmallCap
ITI,Other/SmallCap
IVALUE,Other/SmallCap
IVC,Other/SmallCap
IVP,Other/SmallCap
IXIGO,Other/SmallCap
IZMO,Other/SmallCap
J&KBANK,Other/SmallCap
JAGRAN,Other/SmallCap
JAGSNPHARM,Other/SmallCap
JAIBALAJI,Other/SmallCap
JAICORPLTD,Other/SmallCap
JAINREC,Other/SmallCap
JAIPURKURT,Other/SmallCap
JAMNAAUTO,Other/SmallCap
JARO,Other/SmallCap
JASH,Other/SmallCap
JAYAGROGN,Other/SmallCap
JAYBARMARU,Other/SmallCap
JAYKAY,Other/SmallCap
JAYNECOIND,Other/SmallCap
JAYSREETEA,Other/SmallCap
JBCHEPHARM,Other/SmallCap
JBMA,Other/SmallCap
JETFREIGHT,Other/SmallCap
JGCHEM,Other/SmallCap
JHS,Other/SmallCap
JINDALPHOT,Other/SmallCap
JINDALPOLY,Other/SmallCap
JINDALSAW,Other/SmallCap
JINDALSTEL,Other/SmallCap
JINDRILL,Other/SmallCap
JINDWORLD,Other/SmallCap
JIOFIN,Other/SmallCap
JISLDVREQS,Other/SmallCap
JISLJALEQS,Other/SmallCap
JITFINFRA,Other/SmallCap
JKCEMENT,Other/SmallCap
JKIL,Other/SmallCap
JKIPL,Other/SmallCap
JKLAKSHMI,Other/SmallCap
JKPAPER,Other/SmallCap
JKTYRE,Other/SmallCap
JLHL,Other/SmallCap
JMA,Other/SmallCap
JMFINANCIL,Other/SmallCap
JNKINDIA,Other/SmallCap
JOCIL,Other/SmallCap
JPOLYINVST,Other/SmallCap
JPPOWER,Other/SmallCap
JSFB,Other/SmallCap
JSL,Other/SmallCap
JSLL,Other/SmallCap
JSWCEMENT,Other/SmallCap
JSWENERGY,Other/SmallCap
JSWHL,Other/SmallCap
JSWINFRA,Other/SmallCap
JSWSTEEL,Other/SmallCap
JTEKTINDIA,Other/SmallCap
JTLIND,Other/SmallCap
JUBLCPL,Other/SmallCap
JUBLFOOD,Other/SmallCap
JUBLINGREA,Other/SmallCap
JUBLPHARMA,Other/SmallCap
JUNIPER,Other/SmallCap
JUSTDIAL,Other/SmallCap
JWL,Other/SmallCap
JYOTHYLAB,Other/SmallCap
JYOTICNC,Other/SmallCap
JYOTISTRUC,Other/SmallCap
KABRAEXTRU,Other/SmallCap
KAJARIACER,Other/SmallCap
KAKATCEM,Other/SmallCap
KALAMANDIR,Other/SmallCap
KALPATARU,Other/SmallCap
KALYANI,Other/SmallCap
KALYANIFRG,Other/SmallCap
KALYANKJIL,Other/SmallCap
KAMATHOTEL,Other/SmallCap
KAMDHENU,Other/SmallCap
KAMOPAINTS,Other/SmallCap
KANANIIND,Other/SmallCap
KANORICHEM,Other/SmallCap
KANPRPLA,Other/SmallCap
KANSAINER,Other/SmallCap
KAPSTON,Other/SmallCap
KARMAENG,Other/SmallCap
KARURVYSYA,Other/SmallCap
KAUSHALYA,Other/SmallCap
KAVDEFENCE,Other/SmallCap
KAYA,Other/SmallCap
KAYNES,Other/SmallCap
KCP,Other/SmallCap
KCPSUGIND,Other/SmallCap
KDDL,Other/SmallCap
KEC,Other/SmallCap
KECL,Other/SmallCap
KEEPLEARN,Other/SmallCap
KEI,Other/SmallCap
KELLTONTEC,Other/SmallCap
KERNEX,Other/SmallCap
KESORAMIND,Other/SmallCap
KEYFINSERV,Other/SmallCap
KFINTECH,Other/SmallCap
KHADIM,Other/SmallCap
KHAICHEM,Other/SmallCap
KHAITANLTD,Other/SmallCap
KHANDSE,Other/SmallCap
KICL,Other/SmallCap
KILITCH,Other/SmallCap
KIMS,Other/SmallCap
KINGFA,Other/SmallCap
KIOCL,Other/SmallCap
KIRIINDUS,Other/SmallCap
KIRLOSBROS,Other/SmallCap
KIRLOSENG,Other/SmallCap
KIRLOSIND,Other/SmallCap
KIRLPNU,Other/SmallCap
KITEX,Other/SmallCap
KKCL,Other/SmallCap
KMEW,Other/SmallCap
KMSUGAR,Other/SmallCap
KNAGRI,Other/SmallCap
KNRCON,Other/SmallCap
KOHINOOR,Other/SmallCap
KOKUYOCMLN,Other/SmallCap
KOLTEPATIL,Other/SmallCap
KOPRAN,Other/SmallCap
KOTAKBANK,Other/SmallCap
KOTARISUG,Other/SmallCap
KOTHARIPET,Other/SmallCap
KOTHARIPRO,Other/SmallCap
KOTYARK,Other/SmallCap
KPEL,Other/SmallCap
KPIGREEN,Other/SmallCap
KPIL,Other/SmallCap
KPITTECH,Other/SmallCap
KPRMILL,Other/SmallCap
KRBL,Other/SmallCap
KREBSBIO,Other/SmallCap
KRIDHANINF,Other/SmallCap
KRISHANA,Other/SmallCap
KRISHIVAL,Other/SmallCap
KRISHNADEF,Other/SmallCap
KRITI,Other/SmallCap
KRITIKA,Other/SmallCap
KRITINUT,Other/SmallCap
KRN,Other/SmallCap
KRONOX,Other/SmallCap
KROSS,Other/SmallCap
KRSNAA,Other/SmallCap
KRYSTAL,Other/SmallCap
KSB,Other/SmallCap
KSCL,Other/SmallCap
KSHINTL,Other/SmallCap
KSHITIJPOL,Other/SmallCap
KSL,Other/SmallCap
KSOLVES,Other/SmallCap
KSR,Other/SmallCap
KTKBANK,Other/SmallCap
KUANTUM,Other/SmallCap
KWIL,Other/SmallCap
LAGNAM,Other/SmallCap
LAKPRE,Other/SmallCap
LAL,Other/SmallCap
LALPATHLAB,Other/SmallCap
LAMBODHARA,Other/SmallCap
LANCORHOL,Other/SmallCap
LANDMARK,Other/SmallCap
LANDSMILL,Other/SmallCap
LAOPALA,Other/SmallCap
LASA,Other/SmallCap
LATENTVIEW,Other/SmallCap
LATTEYS,Other/SmallCap
LAURUSLABS,Other/SmallCap
LAXMICOT,Other/SmallCap
LAXMIDENTL,Other/SmallCap
LAXMIINDIA,Other/SmallCap
LCCINFOTEC,Other/SmallCap
LEMERITE,Other/SmallCap
LEMONTREE,Other/SmallCap
LENSKART,Other/SmallCap
LEXUS,Other/SmallCap
LFIC,Other/SmallCap
LGBBROSLTD,Other/SmallCap
LGEINDIA,Other/SmallCap
LGHL,Other/SmallCap
LIBAS,Other/SmallCap
LIBERTSHOE,Other/SmallCap
LICHSGFIN,Other/SmallCap
LICI,Other/SmallCap
LIKHITHA,Other/SmallCap
LINC,Other/SmallCap
LINCOLN,Other/SmallCap
LINDEINDIA,Other/SmallCap
LLOYDSENGG,Other/SmallCap
LLOYDSENT,Other/SmallCap
LLOYDSME,Other/SmallCap
LMW,Other/SmallCap
LODHA,Other/SmallCap
LOKESHMACH,Other/SmallCap
LORDSCHLO,Other/SmallCap
LOTUSDEV,Other/SmallCap
LOTUSEYE,Other/SmallCap
LOVABLE,Other/SmallCap
LOYALTEX,Other/SmallCap
LPDC,Other/SmallCap
LT,Other/SmallCap
LTF,Other/SmallCap
LTFOODS,Other/SmallCap
LTM,Other/SmallCap
LTTS,Other/SmallCap
LUMAXIND,Other/SmallCap
LUMAXTECH,Other/SmallCap
LUPIN,Other/SmallCap
LUXIND,Other/SmallCap
LXCHEM,Other/SmallCap
LYKALABS,Other/SmallCap
LYPSAGEMS,Other/SmallCap
M&M,Other/SmallCap
M&MFIN,Other/SmallCap
MAANALU,Other/SmallCap
MACPOWER,Other/SmallCap
MADHAV,Other/SmallCap
MADHUCON,Other/SmallCap
MADRASFERT,Other/SmallCap
MAGADSUGAR,Other/SmallCap
MAGNUM,Other/SmallCap
MAHABANK,Other/SmallCap
MAHAPE-RE,Other/SmallCap
MAHAPEXLTD,Other/SmallCap
MAHASTEEL,Other/SmallCap
MAHEPC,Other/SmallCap
MAHESHWARI,Other/SmallCap
MAHLIFE,Other/SmallCap
MAHLOG,Other/SmallCap
MAHSCOOTER,Other/SmallCap
MAHSEAMLES,Other/SmallCap
MAITHANALL,Other/SmallCap
MALLCOM,Other/SmallCap
MALUPAPER,Other/SmallCap
MAMATA,Other/SmallCap
MANAKALUCO,Other/SmallCap
MANAKCOAT,Other/SmallCap
MANAKSIA,Other/SmallCap
MANAKSTEEL,Other/SmallCap
MANALIPETC,Other/SmallCap
MANAPPURAM,Other/SmallCap
MANBA,Other/SmallCap
MANCREDIT,Other/SmallCap
MANGALAM,Other/SmallCap
MANGLMCEM,Other/SmallCap
MANINDS,Other/SmallCap
MANINFRA,Other/SmallCap
MANKIND,Other/SmallCap
MANOMAY,Other/SmallCap
MANORAMA,Other/SmallCap
MANORG,Other/SmallCap
MANUGRAPH,Other/SmallCap
MANYAVAR,Other/SmallCap
MAPMYINDIA,Other/SmallCap
MARALOVER,Other/SmallCap
MARATHON,Other/SmallCap
MARICO,Other/SmallCap
MARINE,Other/SmallCap
MARKOLINES,Other/SmallCap
MARKSANS,Other/SmallCap
MARSONS,Other/SmallCap
MARUTI,Other/SmallCap
MASFIN,Other/SmallCap
MASKINVEST,Other/SmallCap
MASTEK,Other/SmallCap
MASTERTR,Other/SmallCap
MATRIMONY,Other/SmallCap
MAWANASUG,Other/SmallCap
MAXESTATES,Other/SmallCap
MAXHEALTH,Other/SmallCap
MAXIND,Other/SmallCap
MAYURUNIQ,Other/SmallCap
MAZDA,Other/SmallCap
MAZDOCK,Other/SmallCap
MBAPL,Other/SmallCap
MBEL,Other/SmallCap
MBLINFRA,Other/SmallCap
MCL,Other/SmallCap
MCLEODRUSS,Other/SmallCap
MCLOUD,Other/SmallCap
MCX,Other/SmallCap
MEDANTA,Other/SmallCap
MEDIASSIST,Other/SmallCap
MEDICAMEQ,Other/SmallCap
MEDICO,Other/SmallCap
MEDPLUS,Other/SmallCap
MEESHO,Other/SmallCap
MEGASTAR,Other/SmallCap
MEIL,Other/SmallCap
MENONBE,Other/SmallCap
MEP,Other/SmallCap
METROBRAND,Other/SmallCap
METROPOLIS,Other/SmallCap
MFML,Other/SmallCap
MFSL,Other/SmallCap
MGEL,Other/SmallCap
MGL,Other/SmallCap
MHLXMIRU,Other/SmallCap
MHRIL,Other/SmallCap
MICEL,Other/SmallCap
MIDHANI,Other/SmallCap
MIDWESTLTD,Other/SmallCap
MINDACORP,Other/SmallCap
MINDTECK,Other/SmallCap
MIRCELECTR,Other/SmallCap
MIRZAINT,Other/SmallCap
MITCON,Other/SmallCap
MITTAL,Other/SmallCap
MKPL,Other/SmallCap
MMFL,Other/SmallCap
MMP,Other/SmallCap
MMTC,Other/SmallCap
MOBIKWIK,Other/SmallCap
MODINATUR,Other/SmallCap
MODIRUBBER,Other/SmallCap
MODIS,Other/SmallCap
MODISONLTD,Other/SmallCap
MODTHREAD,Other/SmallCap
MOHITIND,Other/SmallCap
MOIL,Other/SmallCap
MOKSH,Other/SmallCap
MOL,Other/SmallCap
MOLDTECH,Other/SmallCap
MOLDTKPAC,Other/SmallCap
MONARCH,Other/SmallCap
MONEYBOXX,Other/SmallCap
MONTECARLO,Other/SmallCap
MORARJEE,Other/SmallCap
MOREPENLAB,Other/SmallCap
MOSCHIP,Other/SmallCap
MOTHERSON,Other/SmallCap
MOTILALOFS,Other/SmallCap
MOTISONS,Other/SmallCap
MOTOGENFIN,Other/SmallCap
MPHASIS,Other/SmallCap
MPSLTD,Other/SmallCap
MRF,Other/SmallCap
MRPL,Other/SmallCap
MSPL,Other/SmallCap
MSTCLTD,Other/SmallCap
MSUMI,Other/SmallCap
MTARTECH,Other/SmallCap
MTEDUCARE,Other/SmallCap
MTNL,Other/SmallCap
MUFIN,Other/SmallCap
MUFTI,Other/SmallCap
MUKANDLTD,Other/SmallCap
MUKKA,Other/SmallCap
MUKTAARTS,Other/SmallCap
MUNJALAU,Other/SmallCap
MUNJALSHOW,Other/SmallCap
MURUDCERA,Other/SmallCap
MUTHOOTCAP,Other/SmallCap
MUTHOOTFIN,Other/SmallCap
MUTHOOTMF,Other/SmallCap
MVGJL,Other/SmallCap
MWL,Other/SmallCap
NACLIND,Other/SmallCap
NAGAFERT,Other/SmallCap
NAGREEKCAP,Other/SmallCap
NAGREEKEXP,Other/SmallCap
NAHARCAP,Other/SmallCap
NAHARINDUS,Other/SmallCap
NAHARPOLY,Other/SmallCap
NAHARSPING,Other/SmallCap
NAM-INDIA,Other/SmallCap
NARMADA,Other/SmallCap
NATCAPSUQ,Other/SmallCap
NATCOPHARM,Other/SmallCap
NATHBIOGEN,Other/SmallCap
NATIONALUM,Other/SmallCap
NAUKRI,Other/SmallCap
NAVA,Other/SmallCap
NAVINFLUOR,Other/SmallCap
NAVKARCORP,Other/SmallCap
NAVKARURB,Other/SmallCap
NAVNETEDUL,Other/SmallCap
NAZARA,Other/SmallCap
NBCC,Other/SmallCap
NBIFIN,Other/SmallCap
NCC,Other/SmallCap
NCLIND,Other/SmallCap
NDGL,Other/SmallCap
NDL,Other/SmallCap
NDLVENTURE,Other/SmallCap
NDRAUTO,Other/SmallCap
NDTV,Other/SmallCap
NECCLTD,Other/SmallCap
NECLIFE,Other/SmallCap
NELCAST,Other/SmallCap
NELCO,Other/SmallCap
NEOGEN,Other/SmallCap
NEPHROPLUS,Other/SmallCap
NESCO,Other/SmallCap
NESTLEIND,Other/SmallCap
NETWEB,Other/SmallCap
NETWORK18,Other/SmallCap
NEULANDLAB,Other/SmallCap
NEWGEN,Other/SmallCap
NEXTMEDIA,Other/SmallCap
NFL,Other/SmallCap
NGIL,Other/SmallCap
NGLFINE,Other/SmallCap
NH,Other/SmallCap
NHPC,Other/SmallCap
NIACL,Other/SmallCap
NIBE,Other/SmallCap
NIBL,Other/SmallCap
NIITLTD,Other/SmallCap
NIITMTS,Other/SmallCap
NILAINFRA,Other/SmallCap
NILASPACES,Other/SmallCap
NILKAMAL,Other/SmallCap
NIMBSPROJ,Other/SmallCap
NINSYS,Other/SmallCap
NIPPOBATRY,Other/SmallCap
NIRAJ,Other/SmallCap
NIRAJISPAT,Other/SmallCap
NITCO,Other/SmallCap
NITINSPIN,Other/SmallCap
NITIRAJ,Other/SmallCap
NIVABUPA,Other/SmallCap
NKIND,Other/SmallCap
NLCINDIA,Other/SmallCap
NMDC,Other/SmallCap
NOCIL,Other/SmallCap
NOIDATOLL,Other/SmallCap
NORBTEAEXP,Other/SmallCap
NORTHARC,Other/SmallCap
NOVAAGRI,Other/SmallCap
NPST,Other/SmallCap
NRAIL,Other/SmallCap
NRBBEARING,Other/SmallCap
NRL,Other/SmallCap
NSIL,Other/SmallCap
NSLNISP,Other/SmallCap
NTPC,Other/SmallCap
NTPCGREEN,Other/SmallCap
NUCLEUS,Other/SmallCap
NURECA,Other/SmallCap
NUVAMA,Other/SmallCap
NUVOCO,Other/SmallCap
NYKAA,Other/SmallCap
OAL,Other/SmallCap
OBCL,Other/SmallCap
OBEROIRLTY,Other/SmallCap
OCCLLTD,Other/SmallCap
ODIGMA,Other/SmallCap
OFSS,Other/SmallCap
OIL,Other/SmallCap
OILCOUNTUB,Other/SmallCap
OLAELEC,Other/SmallCap
OLECTRA,Other/SmallCap
OMAXAUTO,Other/SmallCap
OMAXE,Other/SmallCap
OMFREIGHT,Other/SmallCap
OMINFRAL,Other/SmallCap
OMKARCHEM,Other/SmallCap
OMNI,Other/SmallCap
ONELIFECAP,Other/SmallCap
ONEPOINT,Other/SmallCap
ONESOURCE,Other/SmallCap
ONGC,Other/SmallCap
ONMOBILE,Other/SmallCap
ONWARDTEC,Other/SmallCap
OPTIEMUS,Other/SmallCap
ORBTEXP,Other/SmallCap
ORCHASP,Other/SmallCap
ORCHPHARMA,Other/SmallCap
ORICONENT,Other/SmallCap
ORIENTALTL,Other/SmallCap
ORIENTBELL,Other/SmallCap
ORIENTCEM,Other/SmallCap
ORIENTCER,Other/SmallCap
ORIENTELEC,Other/SmallCap
ORIENTHOT,Other/SmallCap
ORIENTLTD,Other/SmallCap
ORIENTPPR,Other/SmallCap
ORIENTTECH,Other/SmallCap
ORISSAMINE,Other/SmallCap
ORKLAINDIA,Other/SmallCap
ORTEL,Other/SmallCap
ORTINGLOBE,Other/SmallCap
OSIAHYPER,Other/SmallCap
OSWALAGRO,Other/SmallCap
OSWALGREEN,Other/SmallCap
OSWALPUMPS,Other/SmallCap
OSWALSEEDS,Other/SmallCap
PACEDIGITK,Other/SmallCap
PAGEIND,Other/SmallCap
PAISALO,Other/SmallCap
PAKKA,Other/SmallCap
PALASHSECU,Other/SmallCap
PALREDTEC,Other/SmallCap
PANACEABIO,Other/SmallCap
PANACHE,Other/SmallCap
PANAMAPET,Other/SmallCap
PANSARI,Other/SmallCap
PAR,Other/SmallCap
PARACABLES,Other/SmallCap
PARADEEP,Other/SmallCap
PARAGMILK,Other/SmallCap
PARAS,Other/SmallCap
PARASPETRO,Other/SmallCap
PARKHOSPS,Other/SmallCap
PARKHOTELS,Other/SmallCap
PARSVNATH,Other/SmallCap
PASHUPATI,Other/SmallCap
PASUPTAC,Other/SmallCap
PATANJALI,Other/SmallCap
PATELENG,Other/SmallCap
PATELRMART,Other/SmallCap
PATINTLOG,Other/SmallCap
PAUSHAKLTD,Other/SmallCap
PAVNAIND,Other/SmallCap
PAYTM,Other/SmallCap
PCBL,Other/SmallCap
PCJEWELLER,Other/SmallCap
PDMJEPAPER,Other/SmallCap
PDSL,Other/SmallCap
PEARLPOLY,Other/SmallCap
PENIND,Other/SmallCap
PENINLAND,Other/SmallCap
PERSISTENT,Other/SmallCap
PETRONET,Other/SmallCap
PFC,Other/SmallCap
PFIZER,Other/SmallCap
PFOCUS,Other/SmallCap
PFS,Other/SmallCap
PGEL,Other/SmallCap
PGHH,Other/SmallCap
PGHL,Other/SmallCap
PGIL,Other/SmallCap
PHOENIXLTD,Other/SmallCap
PICCADIL,Other/SmallCap
PIDILITIND,Other/SmallCap
PIGL,Other/SmallCap
PIIND,Other/SmallCap
PILANIINVS,Other/SmallCap
PILITA,Other/SmallCap
PINELABS,Other/SmallCap
PIONEEREMB,Other/SmallCap
PIRAMALFIN,Other/SmallCap
PITTIENG,Other/SmallCap
PIXTRANS,Other/SmallCap
PKTEA,Other/SmallCap
PLASTIBLEN,Other/SmallCap
PLATIND,Other/SmallCap
PLAZACABLE,Other/SmallCap
PNB,Other/SmallCap
PNBGILTS,Other/SmallCap
PNBHOUSING,Other/SmallCap
PNC,Other/SmallCap
PNCINFRA,Other/SmallCap
PNGJL,Other/SmallCap
PNGSREVA,Other/SmallCap
POCL,Other/SmallCap
PODDARMENT,Other/SmallCap
POKARNA,Other/SmallCap
POLICYBZR,Other/SmallCap
POLYCAB,Other/SmallCap
POLYMED,Other/SmallCap
POLYPLEX,Other/SmallCap
PONNIERODE,Other/SmallCap
POONAWALLA,Other/SmallCap
POWERGRID,Other/SmallCap
POWERICA,Other/SmallCap
POWERINDIA,Other/SmallCap
POWERMECH,Other/SmallCap
PPAP,Other/SmallCap
PPL,Other/SmallCap
PPLPHARMA,Other/SmallCap
PRABHA,Other/SmallCap
PRAENG,Other/SmallCap
PRAJIND,Other/SmallCap
PRAKASH,Other/SmallCap
PRAKASHSTL,Other/SmallCap
PRAXIS,Other/SmallCap
PRECAM,Other/SmallCap
PRECOT,Other/SmallCap
PRECWIRE,Other/SmallCap
PREMEXPLN,Other/SmallCap
PREMIER,Other/SmallCap
PREMIERENE,Other/SmallCap
PREMIERPOL,Other/SmallCap
PRESTIGE,Other/SmallCap
PRICOLLTD,Other/SmallCap
PRIMESECU,Other/SmallCap
PRIMO,Other/SmallCap
PRINCEPIPE,Other/SmallCap
PRITI,Other/SmallCap
PRITIKAUTO,Other/SmallCap
PRIVISCL,Other/SmallCap
PROSTARM,Other/SmallCap
PROTEAN,Other/SmallCap
PROZONER,Other/SmallCap
PRSMJOHNSN,Other/SmallCap
PRUDENT,Other/SmallCap
PRUDMOULI,Other/SmallCap
PSB,Other/SmallCap
PSPPROJECT,Other/SmallCap
PTC,Other/SmallCap
PTCIL,Other/SmallCap
PTL,Other/SmallCap
PUNJABCHEM,Other/SmallCap
PURVA,Other/SmallCap
PVP,Other/SmallCap
PVRINOX,Other/SmallCap
PVSL,Other/SmallCap
PWL,Other/SmallCap
PYRAMID,Other/SmallCap
QPOWER,Other/SmallCap
QUADFUTURE,Other/SmallCap
QUESS,Other/SmallCap
QUICKHEAL,Other/SmallCap
RACE,Other/SmallCap
RACLGEAR,Other/SmallCap
RADAAN,Other/SmallCap
RADHIKAJWE,Other/SmallCap
RADIANTCMS,Other/SmallCap
RADICO,Other/SmallCap
RADIOCITY,Other/SmallCap
RAILTEL,Other/SmallCap
RAIN,Other/SmallCap
RAINBOW,Other/SmallCap
RAJESHEXPO,Other/SmallCap
RAJMET,Other/SmallCap
RAJOOENG,Other/SmallCap
RAJRATAN,Other/SmallCap
RAJRILTD,Other/SmallCap
RAJSREESUG,Other/SmallCap
RAJTV,Other/SmallCap
RALLIS,Other/SmallCap
RAMANEWS,Other/SmallCap
RAMAPHO,Other/SmallCap
RAMASTEEL,Other/SmallCap
RAMCOCEM,Other/SmallCap
RAMCOIND,Other/SmallCap
RAMCOSYS,Other/SmallCap
RAMKY,Other/SmallCap
RAMRAT,Other/SmallCap
RANASUG,Other/SmallCap
RANEHOLDIN,Other/SmallCap
RATEGAIN,Other/SmallCap
RATNAMANI,Other/SmallCap
RATNAVEER,Other/SmallCap
RAYMOND,Other/SmallCap
RAYMONDLSL,Other/SmallCap
RAYMONDREL,Other/SmallCap
RBA,Other/SmallCap
RBLBANK,Other/SmallCap
RBZJEWEL,Other/SmallCap
RCF,Other/SmallCap
RCOM,Other/SmallCap
RECLTD,Other/SmallCap
REDINGTON,Other/SmallCap
REDTAPE,Other/SmallCap
REFEX,Other/SmallCap
REGAAL,Other/SmallCap
REGENCERAM,Other/SmallCap
RELAXO,Other/SmallCap
RELCHEMQ,Other/SmallCap
RELIABLE,Other/SmallCap
RELIANCE,Other/SmallCap
RELIGARE,Other/SmallCap
RELINFRA,Other/SmallCap
RELTD,Other/SmallCap
REMSONSIND,Other/SmallCap
RENUKA,Other/SmallCap
REPCOHOME,Other/SmallCap
REPL,Other/SmallCap
REPRO,Other/SmallCap
RESPONIND,Other/SmallCap
RETAIL,Other/SmallCap
RGL,Other/SmallCap
RHETAN,Other/SmallCap
RHIM,Other/SmallCap
RHL,Other/SmallCap
RICOAUTO,Other/SmallCap
RIIL,Other/SmallCap
RISHABH,Other/SmallCap
RITCO,Other/SmallCap
RITES,Other/SmallCap
RKDL,Other/SmallCap
RKEC,Other/SmallCap
RKFORGE,Other/SmallCap
RKSWAMY,Other/SmallCap
RMC,Other/SmallCap
RMDRIP,Other/SmallCap
RML,Other/SmallCap
RNBDENIMS,Other/SmallCap
ROHLTD,Other/SmallCap
ROLEXRINGS,Other/SmallCap
ROLLT,Other/SmallCap
ROML,Other/SmallCap
ROSSARI,Other/SmallCap
ROSSELLIND,Other/SmallCap
ROSSTECH,Other/SmallCap
ROTO,Other/SmallCap
ROUTE,Other/SmallCap
RPEL,Other/SmallCap
RPGLIFE,Other/SmallCap
RPOWER,Other/SmallCap
RPPINFRA,Other/SmallCap
RPPL,Other/SmallCap
RPSGVENT,Other/SmallCap
RPTECH,Other/SmallCap
RRKABEL,Other/SmallCap
RSL,Other/SmallCap
RSSOFTWARE,Other/SmallCap
RSWM,Other/SmallCap
RSYSTEMS,Other/SmallCap
RTNINDIA,Other/SmallCap
RTNPOWER,Other/SmallCap
RUBFILA,Other/SmallCap
RUBICON,Other/SmallCap
RUBYMILLS,Other/SmallCap
RUCHINFRA,Other/SmallCap
RUCHIRA,Other/SmallCap
RUDRA,Other/SmallCap
RUPA,Other/SmallCap
RUSHIL,Other/SmallCap
RUSTOMJEE,Other/SmallCap
RVHL,Other/SmallCap
RVNL,Other/SmallCap
RVTH,Other/SmallCap
S&SPOWER,Other/SmallCap
SAATVIKGL,Other/SmallCap
SABEVENTS,Other/SmallCap
SADBHAV,Other/SmallCap
SADBHIN,Other/SmallCap
SADHNANIQ,Other/SmallCap
SAFARI,Other/SmallCap
SAGARDEEP,Other/SmallCap
SAGCEM,Other/SmallCap
SAGILITY,Other/SmallCap
SAHYADRI,Other/SmallCap
SAIL,Other/SmallCap
SAILIFE,Other/SmallCap
SAIPARENT,Other/SmallCap
SAKAR,Other/SmallCap
SAKHTISUG,Other/SmallCap
SAKSOFT,Other/SmallCap
SAKUMA,Other/SmallCap
SALASAR,Other/SmallCap
SALONA,Other/SmallCap
SALSTEEL,Other/SmallCap
SALZERELEC,Other/SmallCap
SAMBHAAV,Other/SmallCap
SAMBHV,Other/SmallCap
SAMHI,Other/SmallCap
SAMMAANCAP,Other/SmallCap
SAMPANN,Other/SmallCap
SANATHAN,Other/SmallCap
SANCO,Other/SmallCap
SANDESH,Other/SmallCap
SANDHAR,Other/SmallCap
SANDUMA,Other/SmallCap
SANGAMIND,Other/SmallCap
SANGHIIND,Other/SmallCap
SANGHVIMOV,Other/SmallCap
SANGINITA,Other/SmallCap
SANOFI,Other/SmallCap
SANOFICONR,Other/SmallCap
SANSERA,Other/SmallCap
SANSTAR,Other/SmallCap
SAPPHIRE,Other/SmallCap
SARDAEN,Other/SmallCap
SAREGAMA,Other/SmallCap
SARLAPOLY,Other/SmallCap
SARVESHWAR,Other/SmallCap
SASKEN,Other/SmallCap
SASTASUNDR,Other/SmallCap
SATIA,Other/SmallCap
SATIN,Other/SmallCap
SAURASHCEM,Other/SmallCap
SBC,Other/SmallCap
SBCL,Other/SmallCap
SBFC,Other/SmallCap
SBGLP,Other/SmallCap
SBICARD,Other/SmallCap
SBILIFE,Other/SmallCap
SBIN,Other/SmallCap
SCHAEFFLER,Other/SmallCap
SCHAND,Other/SmallCap
SCHNEIDER,Other/SmallCap
SCI,Other/SmallCap
SCILAL,Other/SmallCap
SCODATUBES,Other/SmallCap
SCPL,Other/SmallCap
SDBL,Other/SmallCap
SEAMECLTD,Other/SmallCap
SECMARK,Other/SmallCap
SECURKLOUD,Other/SmallCap
SEDEMAC,Other/SmallCap
SEJALLTD,Other/SmallCap
SELMC,Other/SmallCap
SEMAC,Other/SmallCap
SENCO,Other/SmallCap
SENORES,Other/SmallCap
SEPC,Other/SmallCap
SERVOTECH,Other/SmallCap
SESHAPAPER,Other/SmallCap
SETCO,Other/SmallCap
SETL,Other/SmallCap
SETUINFRA,Other/SmallCap
SEYAIND,Other/SmallCap
SFL,Other/SmallCap
SGFIN,Other/SmallCap
SGIL,Other/SmallCap
SGL,Other/SmallCap
SGMART,Other/SmallCap
SHADOWFAX,Other/SmallCap
SHAH,Other/SmallCap
SHAHALLOYS,Other/SmallCap
SHAILY,Other/SmallCap
SHAKTIPUMP,Other/SmallCap
SHALBY,Other/SmallCap
SHALPAINTS,Other/SmallCap
SHANKARA,Other/SmallCap
SHANTI,Other/SmallCap
SHANTIGEAR,Other/SmallCap
SHANTIGOLD,Other/SmallCap
SHARDACROP,Other/SmallCap
SHARDAMOTR,Other/SmallCap
SHAREINDIA,Other/SmallCap
SHEKHAWATI,Other/SmallCap
SHEMAROO,Other/SmallCap
SHILCTECH,Other/SmallCap
SHILPAMED,Other/SmallCap
SHIVALIK,Other/SmallCap
SHIVAMAUTO,Other/SmallCap
SHIVAMILLS,Other/SmallCap
SHIVATEX,Other/SmallCap
SHIVAUM,Other/SmallCap
SHK,Other/SmallCap
SHOPERSTOP,Other/SmallCap
SHRADHA,Other/SmallCap
SHREDIGCEM,Other/SmallCap
SHREECEM,Other/SmallCap
SHREEJISPG,Other/SmallCap
SHREEPUSHK,Other/SmallCap
SHREERAMA,Other/SmallCap
SHRENIK,Other/SmallCap
SHREYANIND,Other/SmallCap
SHRINGARMS,Other/SmallCap
SHRIPISTON,Other/SmallCap
SHRIRAMFIN,Other/SmallCap
SHRIRAMPPS,Other/SmallCap
SHYAMCENT,Other/SmallCap
SHYAMMETL,Other/SmallCap
SHYAMTEL,Other/SmallCap
SICALLOG,Other/SmallCap
SIEMENS,Other/SmallCap
SIGACHI,Other/SmallCap
SIGIND,Other/SmallCap
SIGMA,Other/SmallCap
SIGMAADV,Other/SmallCap
SIGNATURE,Other/SmallCap
SIGNPOST,Other/SmallCap
SIKKO,Other/SmallCap
SIL,Other/SmallCap
SILGO,Other/SmallCap
SILINV,Other/SmallCap
SILLYMONKS,Other/SmallCap
SILVERTUC,Other/SmallCap
SIMBHALS,Other/SmallCap
SIMPLEXINF,Other/SmallCap
SINCLAIR,Other/SmallCap
SINDHUTRAD,Other/SmallCap
SINGERIND,Other/SmallCap
SINTERCOM,Other/SmallCap
SIRCA,Other/SmallCap
SIS,Other/SmallCap
SITINET,Other/SmallCap
SIYSIL,Other/SmallCap
SJS,Other/SmallCap
SJVN,Other/SmallCap
SKFINDIA,Other/SmallCap
SKFINDUS,Other/SmallCap
SKIPPER,Other/SmallCap
SKMEGGPROD,Other/SmallCap
SKYGOLD,Other/SmallCap
SMARTLINK,Other/SmallCap
SMARTWORKS,Other/SmallCap
SMCGLOBAL,Other/SmallCap
SMLMAH,Other/SmallCap
SMLT,Other/SmallCap
SMSPHARMA,Other/SmallCap
SNOWMAN,Other/SmallCap
SOBHA,Other/SmallCap
SOFTTECH,Other/SmallCap
SOLARA,Other/SmallCap
SOLARINDS,Other/SmallCap
SOLARWORLD,Other/SmallCap
SOLEX,Other/SmallCap
SOMANYCERA,Other/SmallCap
SOMATEX,Other/SmallCap
SOMICONVEY,Other/SmallCap
SONACOMS,Other/SmallCap
SONAMLTD,Other/SmallCap
SONATSOFTW,Other/SmallCap
SOTL,Other/SmallCap
SOUTHBANK,Other/SmallCap
SOUTHWEST,Other/SmallCap
SPAL,Other/SmallCap
SPANDANA,Other/SmallCap
SPARC,Other/SmallCap
SPCENET,Other/SmallCap
SPECIALITY,Other/SmallCap
SPECTRUM,Other/SmallCap
SPENCERS,Other/SmallCap
SPIC,Other/SmallCap
SPLIL,Other/SmallCap
SPLPETRO,Other/SmallCap
SPMLINFRA,Other/SmallCap
SPORTKING,Other/SmallCap
SRD,Other/SmallCap
SREEL,Other/SmallCap
SRF,Other/SmallCap
SRGHFL,Other/SmallCap
SRHHYPOLTD,Other/SmallCap
SRM,Other/SmallCap
SRTL,Other/SmallCap
SSDL,Other/SmallCap
SSWL,Other/SmallCap
STALLION,Other/SmallCap
STANLEY,Other/SmallCap
STAR,Other/SmallCap
STARCEMENT,Other/SmallCap
STARHEALTH,Other/SmallCap
STARPAPER,Other/SmallCap
STARTECK,Other/SmallCap
STCINDIA,Other/SmallCap
STEELCAS,Other/SmallCap
STEELCITY,Other/SmallCap
STEELXIND,Other/SmallCap
STEL,Other/SmallCap
STERTOOLS,Other/SmallCap
STLNETWORK,Other/SmallCap
STLTECH,Other/SmallCap
STOVEKRAFT,Other/SmallCap
STUDDS,Other/SmallCap
STYL,Other/SmallCap
STYLAMIND,Other/SmallCap
STYLEBAAZA,Other/SmallCap
STYRENIX,Other/SmallCap
SUBEXLTD,Other/SmallCap
SUBROS,Other/SmallCap
SUDARCOLOR,Other/SmallCap
SUDARSCHEM,Other/SmallCap
SUDEEPPHRM,Other/SmallCap
SUKHJITS,Other/SmallCap
SULA,Other/SmallCap
SUMEETINDS,Other/SmallCap
SUMICHEM,Other/SmallCap
SUMIT,Other/SmallCap
SUMMITSEC,Other/SmallCap
SUNCLAY,Other/SmallCap
SUNDARAM,Other/SmallCap
SUNDARMFIN,Other/SmallCap
SUNDRMBRAK,Other/SmallCap
SUNDRMFAST,Other/SmallCap
SUNDROP,Other/SmallCap
SUNFLAG,Other/SmallCap
SUNPHARMA,Other/SmallCap
SUNTECK,Other/SmallCap
SUNTV,Other/SmallCap
SUPERHOUSE,Other/SmallCap
SUPERSPIN,Other/SmallCap
SUPRAJIT,Other/SmallCap
SUPREME,Other/SmallCap
SUPREMEENG,Other/SmallCap
SUPREMEIND,Other/SmallCap
SUPREMEINF,Other/SmallCap
SUPRIYA,Other/SmallCap
SURAJEST,Other/SmallCap
SURAJLTD,Other/SmallCap
SURAKSHA,Other/SmallCap
SURANASOL,Other/SmallCap
SURANAT&P,Other/SmallCap
SURYALAXMI,Other/SmallCap
SURYAROSNI,Other/SmallCap
SURYODAY,Other/SmallCap
SUTLEJTEX,Other/SmallCap
SUVEN,Other/SmallCap
SUVIDHAA,Other/SmallCap
SUYOG,Other/SmallCap
SUZLON,Other/SmallCap
SVLL,Other/SmallCap
SVPGLOB,Other/SmallCap
SWANCORP,Other/SmallCap
SWANDEF,Other/SmallCap
SWARAJENG,Other/SmallCap
SWELECTES,Other/SmallCap
SWIGGY,Other/SmallCap
SWSOLAR,Other/SmallCap
SYMPHONY,Other/SmallCap
SYNCOMF,Other/SmallCap
SYNGENE,Other/SmallCap
SYRMA,Other/SmallCap
SYSTMTXC,Other/SmallCap
TAINWALCHM,Other/SmallCap
TAJGVK,Other/SmallCap
TAKE,Other/SmallCap
TALBROAUTO,Other/SmallCap
TANLA,Other/SmallCap
TARACHAND,Other/SmallCap
TARAPUR,Other/SmallCap
TARC,Other/SmallCap
TARIL,Other/SmallCap
TARMAT,Other/SmallCap
TARSONS,Other/SmallCap
TASTYBITE,Other/SmallCap
TATACAP,Other/SmallCap
TATACHEM,Other/SmallCap
TATACOMM,Other/SmallCap
TATACONSUM,Other/SmallCap
TATAELXSI,Other/SmallCap
TATAINVEST,Other/SmallCap
TATAPOWER,Other/SmallCap
TATASTEEL,Other/SmallCap
TATATECH,Other/SmallCap
TATVA,Other/SmallCap
TBOTEK,Other/SmallCap
TBZ,Other/SmallCap
TCC,Other/SmallCap
TCI,Other/SmallCap
TCIEXP,Other/SmallCap
TCIFINANCE,Other/SmallCap
TCPLPACK,Other/SmallCap
TCS,Other/SmallCap
TDPOWERSYS,Other/SmallCap
TEAMGTY,Other/SmallCap
TEAMLEASE,Other/SmallCap
TECHM,Other/SmallCap
TECHNOE,Other/SmallCap
TECILCHEM,Other/SmallCap
TEGA,Other/SmallCap
TEJASNET,Other/SmallCap
TEMBO,Other/SmallCap
TENNIND,Other/SmallCap
TERASOFT,Other/SmallCap
TEXINFRA,Other/SmallCap
TEXMOPIPES,Other/SmallCap
TEXRAIL,Other/SmallCap
TFCILTD,Other/SmallCap
TFL,Other/SmallCap
TGBHOTELS,Other/SmallCap
THANGAMAYL,Other/SmallCap
THEINVEST,Other/SmallCap
THEJO,Other/SmallCap
THELEELA,Other/SmallCap
THEMISMED,Other/SmallCap
THERMAX,Other/SmallCap
THOMASCOOK,Other/SmallCap
THOMASCOTT,Other/SmallCap
THYROCARE,Other/SmallCap
TI,Other/SmallCap
TICL,Other/SmallCap
TIGERLOGS,Other/SmallCap
TIIL,Other/SmallCap
TIINDIA,Other/SmallCap
TIJARIA,Other/SmallCap
TIL,Other/SmallCap
TIMETECHNO,Other/SmallCap
TIMKEN,Other/SmallCap
TINNARUBR,Other/SmallCap
TIPSFILMS,Other/SmallCap
TIPSMUSIC,Other/SmallCap
TIRUMALCHM,Other/SmallCap
TIRUPATIFL,Other/SmallCap
TITAGARH,Other/SmallCap
TITAN,Other/SmallCap
TMB,Other/SmallCap
TMCV,Other/SmallCap
TMPV,Other/SmallCap
TNPETRO,Other/SmallCap
TNPL,Other/SmallCap
TNTELE,Other/SmallCap
TOKYOPLAST,Other/SmallCap
TOLINS,Other/SmallCap
TORNTPHARM,Other/SmallCap
TORNTPOWER,Other/SmallCap
TOTAL,Other/SmallCap
TOUCHWOOD,Other/SmallCap
TPHQ,Other/SmallCap
TPLPLASTEH,Other/SmallCap
TRACXN,Other/SmallCap
TRANSRAILL,Other/SmallCap
TRANSWORLD,Other/SmallCap
TRAVELFOOD,Other/SmallCap
TREEHOUSE,Other/SmallCap
TREJHARA,Other/SmallCap
TREL,Other/SmallCap
TRENT,Other/SmallCap
TRF,Other/SmallCap
TRIDENT,Other/SmallCap
TRIGYN,Other/SmallCap
TRITURBINE,Other/SmallCap
TRIVENI,Other/SmallCap
TRU,Other/SmallCap
TRUALT,Other/SmallCap
TSFINV,Other/SmallCap
TTKHLTCARE,Other/SmallCap
TTKPRESTIG,Other/SmallCap
TTL,Other/SmallCap
TTML,Other/SmallCap
TVSELECT,Other/SmallCap
TVSHLTD,Other/SmallCap
TVSMOTOR,Other/SmallCap
TVSSCS,Other/SmallCap
TVSSRICHAK,Other/SmallCap
TVTODAY,Other/SmallCap
TVVISION,Other/SmallCap
UBL,Other/SmallCap
UCAL,Other/SmallCap
UCOBANK,Other/SmallCap
UDS,Other/SmallCap
UEL,Other/SmallCap
UFBL,Other/SmallCap
UFLEX,Other/SmallCap
UFO,Other/SmallCap
UGARSUGAR,Other/SmallCap
UGROCAP,Other/SmallCap
UJJIVANSFB,Other/SmallCap
ULTRACEMCO,Other/SmallCap
UMAEXPORTS,Other/SmallCap
UMESLTD,Other/SmallCap
UMIYA-MRO,Other/SmallCap
UNICHEMLAB,Other/SmallCap
UNIDT,Other/SmallCap
UNIECOM,Other/SmallCap
UNIENTER,Other/SmallCap
UNIINFO,Other/SmallCap
UNIMECH,Other/SmallCap
UNIONBANK,Other/SmallCap
UNIPARTS,Other/SmallCap
UNITDSPR,Other/SmallCap
UNITECH,Other/SmallCap
UNITEDPOLY,Other/SmallCap
UNITEDTEA,Other/SmallCap
UNIVASTU,Other/SmallCap
UNIVCABLES,Other/SmallCap
UNIVPHOTO,Other/SmallCap
UNOMINDA,Other/SmallCap
UPL,Other/SmallCap
URAVIDEF,Other/SmallCap
URBANCO,Other/SmallCap
URJA,Other/SmallCap
USHAMART,Other/SmallCap
USK,Other/SmallCap
UTIAMC,Other/SmallCap
UTKARSHBNK,Other/SmallCap
UTLSOLAR,Other/SmallCap
UTTAMSUGAR,Other/SmallCap
UYFINCORP,Other/SmallCap
V2RETAIL,Other/SmallCap
VADILALIND,Other/SmallCap
VAIBHAVGBL,Other/SmallCap
VAISHALI,Other/SmallCap
VAKRANGEE,Other/SmallCap
VALIANTLAB,Other/SmallCap
VALIANTORG,Other/SmallCap
VARDHACRLC,Other/SmallCap
VARDMNPOLY,Other/SmallCap
VARROC,Other/SmallCap
VASCONEQ,Other/SmallCap
VASWANI,Other/SmallCap
VBL,Other/SmallCap
VCL,Other/SmallCap
VEDL,Other/SmallCap
VEEDOL,Other/SmallCap
VENKEYS,Other/SmallCap
VENTIVE,Other/SmallCap
VENUSPIPES,Other/SmallCap
VENUSREM,Other/SmallCap
VERANDA,Other/SmallCap
VERTOZ,Other/SmallCap
VESUVIUS,Other/SmallCap
VETO,Other/SmallCap
VGL,Other/SmallCap
VGUARD,Other/SmallCap
VHL,Other/SmallCap
VHLTD,Other/SmallCap
VIDHIING,Other/SmallCap
VIDYAWIRES,Other/SmallCap
VIJAYA,Other/SmallCap
VIJIFIN,Other/SmallCap
VIKASECO,Other/SmallCap
VIKASLIFE,Other/SmallCap
VIKRAMSOLR,Other/SmallCap
VIKRAN,Other/SmallCap
VIMTALABS,Other/SmallCap
VINATIORGA,Other/SmallCap
VINCOFE,Other/SmallCap
VINDHYATEL,Other/SmallCap
VINEETLAB,Other/SmallCap
VINNY,Other/SmallCap
VINYLINDIA,Other/SmallCap
VIPCLOTHNG,Other/SmallCap
VIPIND,Other/SmallCap
VIPULLTD,Other/SmallCap
VIRINCHI,Other/SmallCap
VISAKAIND,Other/SmallCap
VISASTEEL,Other/SmallCap
VISHNU,Other/SmallCap
VISHWARAJ,Other/SmallCap
VITAL,Other/SmallCap
VIVIDHA,Other/SmallCap
VIVIMEDLAB,Other/SmallCap
VIYASH,Other/SmallCap
VLEGOV,Other/SmallCap
VLSFINANCE,Other/SmallCap
VMART,Other/SmallCap
VMM,Other/SmallCap
VMSTMT,Other/SmallCap
VOLTAMP,Other/SmallCap
VOLTAS,Other/SmallCap
VPRPL,Other/SmallCap
VRAJ,Other/SmallCap
VRLLOG,Other/SmallCap
VSSL,Other/SmallCap
VSTIND,Other/SmallCap
VSTL,Other/SmallCap
VSTTILLERS,Other/SmallCap
VTL,Other/SmallCap
WAAREEENER,Other/SmallCap
WAAREEINDO,Other/SmallCap
WAAREERTL,Other/SmallCap
WABAG,Other/SmallCap
WAKEFIT,Other/SmallCap
WALCHANNAG,Other/SmallCap
WANBURY,Other/SmallCap
WCIL,Other/SmallCap
WEALTH,Other/SmallCap
WEBELSOLAR,Other/SmallCap
WEIZMANIND,Other/SmallCap
WEL,Other/SmallCap
WELCORP,Other/SmallCap
WELENT,Other/SmallCap
WELINV,Other/SmallCap
WELSPUNLIV,Other/SmallCap
WENDT,Other/SmallCap
WESTLIFE,Other/SmallCap
WEWIN,Other/SmallCap
WEWORK,Other/SmallCap
WHEELS,Other/SmallCap
WHIRLPOOL,Other/SmallCap
WILLAMAGOR,Other/SmallCap
WINDLAS,Other/SmallCap
WINDMACHIN,Other/SmallCap
WINSOME,Other/SmallCap
WIPL,Other/SmallCap
WIPRO,Other/SmallCap
WOCKPHARMA,Other/SmallCap
WONDERLA,Other/SmallCap
WORTHPERI,Other/SmallCap
WSI,Other/SmallCap
WSTCSTPAPR,Other/SmallCap
XCHANGING,Other/SmallCap
XELPMOC,Other/SmallCap
XPROINDIA,Other/SmallCap
XTGLOBAL,Other/SmallCap
YASHO,Other/SmallCap
YATHARTH,Other/SmallCap
YATRA,Other/SmallCap
YESBANK,Other/SmallCap
YUKEN,Other/SmallCap
ZAGGLE,Other/SmallCap
ZEEL,Other/SmallCap
ZEELEARN,Other/SmallCap
ZEEMEDIA,Other/SmallCap
ZENITHEXPO,Other/SmallCap
ZENITHSTL,Other/SmallCap
ZENSARTECH,Other/SmallCap
ZENTEC,Other/SmallCap
ZFCVINDIA,Other/SmallCap
ZIMLAB,Other/SmallCap
ZODIAC,Other/SmallCap
ZODIACLOTH,Other/SmallCap
ZOTA,Other/SmallCap
ZUARI,Other/SmallCap
ZUARIIND,Other/SmallCap
ZYDUSLIFE,Other/SmallCap
ZYDUSWELL,Other/SmallCap
